run_id,algorithm_group_id,point_id,hardware_id,repetition,n_scan_points,detector_shape,diffraction_storage_dtype,object_shape,probe_shape,num_epochs,batch_size,dm_chunk_length,batching_mode,optimized_parameter_groups,forward_propagation_configuration,forward_model_memory_options,optional_feature_schedule,compute_precision,data_residency
run-00001,pie,p001,jlse-gh200-single-accelerator,1,64,"[64, 64]",float32,"[1, 128, 128]","[1, 1, 64, 64]",2,1,1,RANDOM,"{'object': {'optimizable': True, 'start': 0, 'stop': None, 'stride': 1}, 'probe': {'optimizable': True, 'start': 0, 'stop': None, 'stride': 1}, 'probe_positions': {'optimizable': False, 'start': 0, 'stop': None, 'stride': 1}, 'opr_mode_weights': {'optimizable': False, 'start': 0, 'stop': None, 'stride': 1}, 'slice_spacings': {'optimizable': False, 'start': 0, 'stop': None, 'stride': 1}}","{'free_space_propagation_distance_m': 'infinity', 'wavelength_m': 1e-09, 'slice_spacings_m': None}","{'low_memory_mode': False, 'pad_for_shift': 4, 'diffraction_pattern_blur_sigma': None}",{'enabled_features': []},"{'default_dtype': 'FLOAT32', 'use_double_precision_for_fft': False}",False
run-00002,pie,p001,jlse-gh200-single-accelerator,2,64,"[64, 64]",float32,"[1, 128, 128]","[1, 1, 64, 64]",2,1,1,RANDOM,"{'object': {'optimizable': True, 'start': 0, 'stop': None, 'stride': 1}, 'probe': {'optimizable': True, 'start': 0, 'stop': None, 'stride': 1}, 'probe_positions': {'optimizable': False, 'start': 0, 'stop': None, 'stride': 1}, 'opr_mode_weights': {'optimizable': False, 'start': 0, 'stop': None, 'stride': 1}, 'slice_spacings': {'optimizable': False, 'start': 0, 'stop': None, 'stride': 1}}","{'free_space_propagation_distance_m': 'infinity', 'wavelength_m': 1e-09, 'slice_spacings_m': None}","{'low_memory_mode': False, 'pad_for_shift': 4, 'diffraction_pattern_blur_sigma': None}",{'enabled_features': []},"{'default_dtype': 'FLOAT32', 'use_double_precision_for_fft': False}",False
run-00003,pie,p001,jlse-gh200-single-accelerator,3,64,"[64, 64]",float32,"[1, 128, 128]","[1, 1, 64, 64]",2,1,1,RANDOM,"{'object': {'optimizable': True, 'start': 0, 'stop': None, 'stride': 1}, 'probe': {'optimizable': True, 'start': 0, 'stop': None, 'stride': 1}, 'probe_positions': {'optimizable': False, 'start': 0, 'stop': None, 'stride': 1}, 'opr_mode_weights': {'optimizable': False, 'start': 0, 'stop': None, 'stride': 1}, 'slice_spacings': {'optimizable': False, 'start': 0, 'stop': None, 'stride': 1}}","{'free_space_propagation_distance_m': 'infinity', 'wavelength_m': 1e-09, 'slice_spacings_m': None}","{'low_memory_mode': False, 'pad_for_shift': 4, 'diffraction_pattern_blur_sigma': None}",{'enabled_features': []},"{'default_dtype': 'FLOAT32', 'use_double_precision_for_fft': False}",False
run-00004,pie,p002,jlse-gh200-single-accelerator,1,256,"[128, 128]",float32,"[1, 384, 384]","[1, 1, 128, 128]",5,8,8,RANDOM,"{'object': {'optimizable': True, 'start': 0, 'stop': None, 'stride': 1}, 'probe': {'optimizable': True, 'start': 0, 'stop': None, 'stride': 1}, 'probe_positions': {'optimizable': False, 'start': 0, 'stop': None, 'stride': 1}, 'opr_mode_weights': {'optimizable': False, 'start': 0, 'stop': None, 'stride': 1}, 'slice_spacings': {'optimizable': False, 'start': 0, 'stop': None, 'stride': 1}}","{'free_space_propagation_distance_m': 'infinity', 'wavelength_m': 1e-09, 'slice_spacings_m': None}","{'low_memory_mode': False, 'pad_for_shift': 4, 'diffraction_pattern_blur_sigma': None}",{'enabled_features': []},"{'default_dtype': 'FLOAT32', 'use_double_precision_for_fft': False}",False
run-00005,pie,p002,jlse-gh200-single-accelerator,2,256,"[128, 128]",float32,"[1, 384, 384]","[1, 1, 128, 128]",5,8,8,RANDOM,"{'object': {'optimizable': True, 'start': 0, 'stop': None, 'stride': 1}, 'probe': {'optimizable': True, 'start': 0, 'stop': None, 'stride': 1}, 'probe_positions': {'optimizable': False, 'start': 0, 'stop': None, 'stride': 1}, 'opr_mode_weights': {'optimizable': False, 'start': 0, 'stop': None, 'stride': 1}, 'slice_spacings': {'optimizable': False, 'start': 0, 'stop': None, 'stride': 1}}","{'free_space_propagation_distance_m': 'infinity', 'wavelength_m': 1e-09, 'slice_spacings_m': None}","{'low_memory_mode': False, 'pad_for_shift': 4, 'diffraction_pattern_blur_sigma': None}",{'enabled_features': []},"{'default_dtype': 'FLOAT32', 'use_double_precision_for_fft': False}",False
run-00006,pie,p002,jlse-gh200-single-accelerator,3,256,"[128, 128]",float32,"[1, 384, 384]","[1, 1, 128, 128]",5,8,8,RANDOM,"{'object': {'optimizable': True, 'start': 0, 'stop': None, 'stride': 1}, 'probe': {'optimizable': True, 'start': 0, 'stop': None, 'stride': 1}, 'probe_positions': {'optimizable': False, 'start': 0, 'stop': None, 'stride': 1}, 'opr_mode_weights': {'optimizable': False, 'start': 0, 'stop': None, 'stride': 1}, 'slice_spacings': {'optimizable': False, 'start': 0, 'stop': None, 'stride': 1}}","{'free_space_propagation_distance_m': 'infinity', 'wavelength_m': 1e-09, 'slice_spacings_m': None}","{'low_memory_mode': False, 'pad_for_shift': 4, 'diffraction_pattern_blur_sigma': None}",{'enabled_features': []},"{'default_dtype': 'FLOAT32', 'use_double_precision_for_fft': False}",False
run-00007,pie,p003,jlse-gh200-single-accelerator,1,1024,"[256, 256]",float32,"[1, 768, 768]","[1, 1, 256, 256]",10,32,32,RANDOM,"{'object': {'optimizable': True, 'start': 0, 'stop': None, 'stride': 1}, 'probe': {'optimizable': True, 'start': 0, 'stop': None, 'stride': 1}, 'probe_positions': {'optimizable': False, 'start': 0, 'stop': None, 'stride': 1}, 'opr_mode_weights': {'optimizable': False, 'start': 0, 'stop': None, 'stride': 1}, 'slice_spacings': {'optimizable': False, 'start': 0, 'stop': None, 'stride': 1}}","{'free_space_propagation_distance_m': 'infinity', 'wavelength_m': 1e-09, 'slice_spacings_m': None}","{'low_memory_mode': False, 'pad_for_shift': 4, 'diffraction_pattern_blur_sigma': None}",{'enabled_features': []},"{'default_dtype': 'FLOAT32', 'use_double_precision_for_fft': False}",False
run-00008,pie,p003,jlse-gh200-single-accelerator,2,1024,"[256, 256]",float32,"[1, 768, 768]","[1, 1, 256, 256]",10,32,32,RANDOM,"{'object': {'optimizable': True, 'start': 0, 'stop': None, 'stride': 1}, 'probe': {'optimizable': True, 'start': 0, 'stop': None, 'stride': 1}, 'probe_positions': {'optimizable': False, 'start': 0, 'stop': None, 'stride': 1}, 'opr_mode_weights': {'optimizable': False, 'start': 0, 'stop': None, 'stride': 1}, 'slice_spacings': {'optimizable': False, 'start': 0, 'stop': None, 'stride': 1}}","{'free_space_propagation_distance_m': 'infinity', 'wavelength_m': 1e-09, 'slice_spacings_m': None}","{'low_memory_mode': False, 'pad_for_shift': 4, 'diffraction_pattern_blur_sigma': None}",{'enabled_features': []},"{'default_dtype': 'FLOAT32', 'use_double_precision_for_fft': False}",False
run-00009,pie,p003,jlse-gh200-single-accelerator,3,1024,"[256, 256]",float32,"[1, 768, 768]","[1, 1, 256, 256]",10,32,32,RANDOM,"{'object': {'optimizable': True, 'start': 0, 'stop': None, 'stride': 1}, 'probe': {'optimizable': True, 'start': 0, 'stop': None, 'stride': 1}, 'probe_positions': {'optimizable': False, 'start': 0, 'stop': None, 'stride': 1}, 'opr_mode_weights': {'optimizable': False, 'start': 0, 'stop': None, 'stride': 1}, 'slice_spacings': {'optimizable': False, 'start': 0, 'stop': None, 'stride': 1}}","{'free_space_propagation_distance_m': 'infinity', 'wavelength_m': 1e-09, 'slice_spacings_m': None}","{'low_memory_mode': False, 'pad_for_shift': 4, 'diffraction_pattern_blur_sigma': None}",{'enabled_features': []},"{'default_dtype': 'FLOAT32', 'use_double_precision_for_fft': False}",False
run-00010,pie,p004,jlse-gh200-single-accelerator,1,1024,"[256, 256]",float32,"[1, 768, 768]","[1, 1, 256, 256]",10,32,8,RANDOM,"{'object': {'optimizable': True, 'start': 0, 'stop': None, 'stride': 1}, 'probe': {'optimizable': True, 'start': 0, 'stop': None, 'stride': 1}, 'probe_positions': {'optimizable': False, 'start': 0, 'stop': None, 'stride': 1}, 'opr_mode_weights': {'optimizable': False, 'start': 0, 'stop': None, 'stride': 1}, 'slice_spacings': {'optimizable': False, 'start': 0, 'stop': None, 'stride': 1}}","{'free_space_propagation_distance_m': 'infinity', 'wavelength_m': 1e-09, 'slice_spacings_m': None}","{'low_memory_mode': False, 'pad_for_shift': 4, 'diffraction_pattern_blur_sigma': None}",{'enabled_features': []},"{'default_dtype': 'FLOAT32', 'use_double_precision_for_fft': False}",True
run-00011,pie,p004,jlse-gh200-single-accelerator,2,1024,"[256, 256]",float32,"[1, 768, 768]","[1, 1, 256, 256]",10,32,8,RANDOM,"{'object': {'optimizable': True, 'start': 0, 'stop': None, 'stride': 1}, 'probe': {'optimizable': True, 'start': 0, 'stop': None, 'stride': 1}, 'probe_positions': {'optimizable': False, 'start': 0, 'stop': None, 'stride': 1}, 'opr_mode_weights': {'optimizable': False, 'start': 0, 'stop': None, 'stride': 1}, 'slice_spacings': {'optimizable': False, 'start': 0, 'stop': None, 'stride': 1}}","{'free_space_propagation_distance_m': 'infinity', 'wavelength_m': 1e-09, 'slice_spacings_m': None}","{'low_memory_mode': False, 'pad_for_shift': 4, 'diffraction_pattern_blur_sigma': None}",{'enabled_features': []},"{'default_dtype': 'FLOAT32', 'use_double_precision_for_fft': False}",True
run-00012,pie,p004,jlse-gh200-single-accelerator,3,1024,"[256, 256]",float32,"[1, 768, 768]","[1, 1, 256, 256]",10,32,8,RANDOM,"{'object': {'optimizable': True, 'start': 0, 'stop': None, 'stride': 1}, 'probe': {'optimizable': True, 'start': 0, 'stop': None, 'stride': 1}, 'probe_positions': {'optimizable': False, 'start': 0, 'stop': None, 'stride': 1}, 'opr_mode_weights': {'optimizable': False, 'start': 0, 'stop': None, 'stride': 1}, 'slice_spacings': {'optimizable': False, 'start': 0, 'stop': None, 'stride': 1}}","{'free_space_propagation_distance_m': 'infinity', 'wavelength_m': 1e-09, 'slice_spacings_m': None}","{'low_memory_mode': False, 'pad_for_shift': 4, 'diffraction_pattern_blur_sigma': None}",{'enabled_features': []},"{'default_dtype': 'FLOAT32', 'use_double_precision_for_fft': False}",True
run-00013,epie,p001,jlse-gh200-single-accelerator,1,64,"[64, 64]",float32,"[1, 128, 128]","[1, 1, 64, 64]",2,1,1,RANDOM,"{'object': {'optimizable': True, 'start': 0, 'stop': None, 'stride': 1}, 'probe': {'optimizable': True, 'start': 0, 'stop': None, 'stride': 1}, 'probe_positions': {'optimizable': False, 'start': 0, 'stop': None, 'stride': 1}, 'opr_mode_weights': {'optimizable': False, 'start': 0, 'stop': None, 'stride': 1}, 'slice_spacings': {'optimizable': False, 'start': 0, 'stop': None, 'stride': 1}}","{'free_space_propagation_distance_m': 'infinity', 'wavelength_m': 1e-09, 'slice_spacings_m': None}","{'low_memory_mode': False, 'pad_for_shift': 4, 'diffraction_pattern_blur_sigma': None}",{'enabled_features': []},"{'default_dtype': 'FLOAT32', 'use_double_precision_for_fft': False}",False
run-00014,epie,p001,jlse-gh200-single-accelerator,2,64,"[64, 64]",float32,"[1, 128, 128]","[1, 1, 64, 64]",2,1,1,RANDOM,"{'object': {'optimizable': True, 'start': 0, 'stop': None, 'stride': 1}, 'probe': {'optimizable': True, 'start': 0, 'stop': None, 'stride': 1}, 'probe_positions': {'optimizable': False, 'start': 0, 'stop': None, 'stride': 1}, 'opr_mode_weights': {'optimizable': False, 'start': 0, 'stop': None, 'stride': 1}, 'slice_spacings': {'optimizable': False, 'start': 0, 'stop': None, 'stride': 1}}","{'free_space_propagation_distance_m': 'infinity', 'wavelength_m': 1e-09, 'slice_spacings_m': None}","{'low_memory_mode': False, 'pad_for_shift': 4, 'diffraction_pattern_blur_sigma': None}",{'enabled_features': []},"{'default_dtype': 'FLOAT32', 'use_double_precision_for_fft': False}",False
run-00015,epie,p001,jlse-gh200-single-accelerator,3,64,"[64, 64]",float32,"[1, 128, 128]","[1, 1, 64, 64]",2,1,1,RANDOM,"{'object': {'optimizable': True, 'start': 0, 'stop': None, 'stride': 1}, 'probe': {'optimizable': True, 'start': 0, 'stop': None, 'stride': 1}, 'probe_positions': {'optimizable': False, 'start': 0, 'stop': None, 'stride': 1}, 'opr_mode_weights': {'optimizable': False, 'start': 0, 'stop': None, 'stride': 1}, 'slice_spacings': {'optimizable': False, 'start': 0, 'stop': None, 'stride': 1}}","{'free_space_propagation_distance_m': 'infinity', 'wavelength_m': 1e-09, 'slice_spacings_m': None}","{'low_memory_mode': False, 'pad_for_shift': 4, 'diffraction_pattern_blur_sigma': None}",{'enabled_features': []},"{'default_dtype': 'FLOAT32', 'use_double_precision_for_fft': False}",False
run-00016,epie,p002,jlse-gh200-single-accelerator,1,256,"[128, 128]",float32,"[1, 384, 384]","[1, 1, 128, 128]",5,8,8,RANDOM,"{'object': {'optimizable': True, 'start': 0, 'stop': None, 'stride': 1}, 'probe': {'optimizable': True, 'start': 0, 'stop': None, 'stride': 1}, 'probe_positions': {'optimizable': False, 'start': 0, 'stop': None, 'stride': 1}, 'opr_mode_weights': {'optimizable': False, 'start': 0, 'stop': None, 'stride': 1}, 'slice_spacings': {'optimizable': False, 'start': 0, 'stop': None, 'stride': 1}}","{'free_space_propagation_distance_m': 'infinity', 'wavelength_m': 1e-09, 'slice_spacings_m': None}","{'low_memory_mode': False, 'pad_for_shift': 4, 'diffraction_pattern_blur_sigma': None}",{'enabled_features': []},"{'default_dtype': 'FLOAT32', 'use_double_precision_for_fft': False}",False
run-00017,epie,p002,jlse-gh200-single-accelerator,2,256,"[128, 128]",float32,"[1, 384, 384]","[1, 1, 128, 128]",5,8,8,RANDOM,"{'object': {'optimizable': True, 'start': 0, 'stop': None, 'stride': 1}, 'probe': {'optimizable': True, 'start': 0, 'stop': None, 'stride': 1}, 'probe_positions': {'optimizable': False, 'start': 0, 'stop': None, 'stride': 1}, 'opr_mode_weights': {'optimizable': False, 'start': 0, 'stop': None, 'stride': 1}, 'slice_spacings': {'optimizable': False, 'start': 0, 'stop': None, 'stride': 1}}","{'free_space_propagation_distance_m': 'infinity', 'wavelength_m': 1e-09, 'slice_spacings_m': None}","{'low_memory_mode': False, 'pad_for_shift': 4, 'diffraction_pattern_blur_sigma': None}",{'enabled_features': []},"{'default_dtype': 'FLOAT32', 'use_double_precision_for_fft': False}",False
run-00018,epie,p002,jlse-gh200-single-accelerator,3,256,"[128, 128]",float32,"[1, 384, 384]","[1, 1, 128, 128]",5,8,8,RANDOM,"{'object': {'optimizable': True, 'start': 0, 'stop': None, 'stride': 1}, 'probe': {'optimizable': True, 'start': 0, 'stop': None, 'stride': 1}, 'probe_positions': {'optimizable': False, 'start': 0, 'stop': None, 'stride': 1}, 'opr_mode_weights': {'optimizable': False, 'start': 0, 'stop': None, 'stride': 1}, 'slice_spacings': {'optimizable': False, 'start': 0, 'stop': None, 'stride': 1}}","{'free_space_propagation_distance_m': 'infinity', 'wavelength_m': 1e-09, 'slice_spacings_m': None}","{'low_memory_mode': False, 'pad_for_shift': 4, 'diffraction_pattern_blur_sigma': None}",{'enabled_features': []},"{'default_dtype': 'FLOAT32', 'use_double_precision_for_fft': False}",False
run-00019,epie,p003,jlse-gh200-single-accelerator,1,1024,"[256, 256]",float32,"[1, 768, 768]","[1, 1, 256, 256]",10,32,32,RANDOM,"{'object': {'optimizable': True, 'start': 0, 'stop': None, 'stride': 1}, 'probe': {'optimizable': True, 'start': 0, 'stop': None, 'stride': 1}, 'probe_positions': {'optimizable': False, 'start': 0, 'stop': None, 'stride': 1}, 'opr_mode_weights': {'optimizable': False, 'start': 0, 'stop': None, 'stride': 1}, 'slice_spacings': {'optimizable': False, 'start': 0, 'stop': None, 'stride': 1}}","{'free_space_propagation_distance_m': 'infinity', 'wavelength_m': 1e-09, 'slice_spacings_m': None}","{'low_memory_mode': False, 'pad_for_shift': 4, 'diffraction_pattern_blur_sigma': None}",{'enabled_features': []},"{'default_dtype': 'FLOAT32', 'use_double_precision_for_fft': False}",False
run-00020,epie,p003,jlse-gh200-single-accelerator,2,1024,"[256, 256]",float32,"[1, 768, 768]","[1, 1, 256, 256]",10,32,32,RANDOM,"{'object': {'optimizable': True, 'start': 0, 'stop': None, 'stride': 1}, 'probe': {'optimizable': True, 'start': 0, 'stop': None, 'stride': 1}, 'probe_positions': {'optimizable': False, 'start': 0, 'stop': None, 'stride': 1}, 'opr_mode_weights': {'optimizable': False, 'start': 0, 'stop': None, 'stride': 1}, 'slice_spacings': {'optimizable': False, 'start': 0, 'stop': None, 'stride': 1}}","{'free_space_propagation_distance_m': 'infinity', 'wavelength_m': 1e-09, 'slice_spacings_m': None}","{'low_memory_mode': False, 'pad_for_shift': 4, 'diffraction_pattern_blur_sigma': None}",{'enabled_features': []},"{'default_dtype': 'FLOAT32', 'use_double_precision_for_fft': False}",False
run-00021,epie,p003,jlse-gh200-single-accelerator,3,1024,"[256, 256]",float32,"[1, 768, 768]","[1, 1, 256, 256]",10,32,32,RANDOM,"{'object': {'optimizable': True, 'start': 0, 'stop': None, 'stride': 1}, 'probe': {'optimizable': True, 'start': 0, 'stop': None, 'stride': 1}, 'probe_positions': {'optimizable': False, 'start': 0, 'stop': None, 'stride': 1}, 'opr_mode_weights': {'optimizable': False, 'start': 0, 'stop': None, 'stride': 1}, 'slice_spacings': {'optimizable': False, 'start': 0, 'stop': None, 'stride': 1}}","{'free_space_propagation_distance_m': 'infinity', 'wavelength_m': 1e-09, 'slice_spacings_m': None}","{'low_memory_mode': False, 'pad_for_shift': 4, 'diffraction_pattern_blur_sigma': None}",{'enabled_features': []},"{'default_dtype': 'FLOAT32', 'use_double_precision_for_fft': False}",False
run-00022,epie,p004,jlse-gh200-single-accelerator,1,1024,"[256, 256]",float32,"[1, 768, 768]","[1, 1, 256, 256]",10,32,8,RANDOM,"{'object': {'optimizable': True, 'start': 0, 'stop': None, 'stride': 1}, 'probe': {'optimizable': True, 'start': 0, 'stop': None, 'stride': 1}, 'probe_positions': {'optimizable': False, 'start': 0, 'stop': None, 'stride': 1}, 'opr_mode_weights': {'optimizable': False, 'start': 0, 'stop': None, 'stride': 1}, 'slice_spacings': {'optimizable': False, 'start': 0, 'stop': None, 'stride': 1}}","{'free_space_propagation_distance_m': 'infinity', 'wavelength_m': 1e-09, 'slice_spacings_m': None}","{'low_memory_mode': False, 'pad_for_shift': 4, 'diffraction_pattern_blur_sigma': None}",{'enabled_features': []},"{'default_dtype': 'FLOAT32', 'use_double_precision_for_fft': False}",True
run-00023,epie,p004,jlse-gh200-single-accelerator,2,1024,"[256, 256]",float32,"[1, 768, 768]","[1, 1, 256, 256]",10,32,8,RANDOM,"{'object': {'optimizable': True, 'start': 0, 'stop': None, 'stride': 1}, 'probe': {'optimizable': True, 'start': 0, 'stop': None, 'stride': 1}, 'probe_positions': {'optimizable': False, 'start': 0, 'stop': None, 'stride': 1}, 'opr_mode_weights': {'optimizable': False, 'start': 0, 'stop': None, 'stride': 1}, 'slice_spacings': {'optimizable': False, 'start': 0, 'stop': None, 'stride': 1}}","{'free_space_propagation_distance_m': 'infinity', 'wavelength_m': 1e-09, 'slice_spacings_m': None}","{'low_memory_mode': False, 'pad_for_shift': 4, 'diffraction_pattern_blur_sigma': None}",{'enabled_features': []},"{'default_dtype': 'FLOAT32', 'use_double_precision_for_fft': False}",True
run-00024,epie,p004,jlse-gh200-single-accelerator,3,1024,"[256, 256]",float32,"[1, 768, 768]","[1, 1, 256, 256]",10,32,8,RANDOM,"{'object': {'optimizable': True, 'start': 0, 'stop': None, 'stride': 1}, 'probe': {'optimizable': True, 'start': 0, 'stop': None, 'stride': 1}, 'probe_positions': {'optimizable': False, 'start': 0, 'stop': None, 'stride': 1}, 'opr_mode_weights': {'optimizable': False, 'start': 0, 'stop': None, 'stride': 1}, 'slice_spacings': {'optimizable': False, 'start': 0, 'stop': None, 'stride': 1}}","{'free_space_propagation_distance_m': 'infinity', 'wavelength_m': 1e-09, 'slice_spacings_m': None}","{'low_memory_mode': False, 'pad_for_shift': 4, 'diffraction_pattern_blur_sigma': None}",{'enabled_features': []},"{'default_dtype': 'FLOAT32', 'use_double_precision_for_fft': False}",True
run-00025,rpie,p001,jlse-gh200-single-accelerator,1,64,"[64, 64]",float32,"[1, 128, 128]","[1, 1, 64, 64]",2,1,1,RANDOM,"{'object': {'optimizable': True, 'start': 0, 'stop': None, 'stride': 1}, 'probe': {'optimizable': True, 'start': 0, 'stop': None, 'stride': 1}, 'probe_positions': {'optimizable': False, 'start': 0, 'stop': None, 'stride': 1}, 'opr_mode_weights': {'optimizable': False, 'start': 0, 'stop': None, 'stride': 1}, 'slice_spacings': {'optimizable': False, 'start': 0, 'stop': None, 'stride': 1}}","{'free_space_propagation_distance_m': 'infinity', 'wavelength_m': 1e-09, 'slice_spacings_m': None}","{'low_memory_mode': False, 'pad_for_shift': 4, 'diffraction_pattern_blur_sigma': None}",{'enabled_features': []},"{'default_dtype': 'FLOAT32', 'use_double_precision_for_fft': False}",False
run-00026,rpie,p001,jlse-gh200-single-accelerator,2,64,"[64, 64]",float32,"[1, 128, 128]","[1, 1, 64, 64]",2,1,1,RANDOM,"{'object': {'optimizable': True, 'start': 0, 'stop': None, 'stride': 1}, 'probe': {'optimizable': True, 'start': 0, 'stop': None, 'stride': 1}, 'probe_positions': {'optimizable': False, 'start': 0, 'stop': None, 'stride': 1}, 'opr_mode_weights': {'optimizable': False, 'start': 0, 'stop': None, 'stride': 1}, 'slice_spacings': {'optimizable': False, 'start': 0, 'stop': None, 'stride': 1}}","{'free_space_propagation_distance_m': 'infinity', 'wavelength_m': 1e-09, 'slice_spacings_m': None}","{'low_memory_mode': False, 'pad_for_shift': 4, 'diffraction_pattern_blur_sigma': None}",{'enabled_features': []},"{'default_dtype': 'FLOAT32', 'use_double_precision_for_fft': False}",False
run-00027,rpie,p001,jlse-gh200-single-accelerator,3,64,"[64, 64]",float32,"[1, 128, 128]","[1, 1, 64, 64]",2,1,1,RANDOM,"{'object': {'optimizable': True, 'start': 0, 'stop': None, 'stride': 1}, 'probe': {'optimizable': True, 'start': 0, 'stop': None, 'stride': 1}, 'probe_positions': {'optimizable': False, 'start': 0, 'stop': None, 'stride': 1}, 'opr_mode_weights': {'optimizable': False, 'start': 0, 'stop': None, 'stride': 1}, 'slice_spacings': {'optimizable': False, 'start': 0, 'stop': None, 'stride': 1}}","{'free_space_propagation_distance_m': 'infinity', 'wavelength_m': 1e-09, 'slice_spacings_m': None}","{'low_memory_mode': False, 'pad_for_shift': 4, 'diffraction_pattern_blur_sigma': None}",{'enabled_features': []},"{'default_dtype': 'FLOAT32', 'use_double_precision_for_fft': False}",False
run-00028,rpie,p002,jlse-gh200-single-accelerator,1,256,"[128, 128]",float32,"[1, 384, 384]","[1, 1, 128, 128]",5,8,8,RANDOM,"{'object': {'optimizable': True, 'start': 0, 'stop': None, 'stride': 1}, 'probe': {'optimizable': True, 'start': 0, 'stop': None, 'stride': 1}, 'probe_positions': {'optimizable': False, 'start': 0, 'stop': None, 'stride': 1}, 'opr_mode_weights': {'optimizable': False, 'start': 0, 'stop': None, 'stride': 1}, 'slice_spacings': {'optimizable': False, 'start': 0, 'stop': None, 'stride': 1}}","{'free_space_propagation_distance_m': 'infinity', 'wavelength_m': 1e-09, 'slice_spacings_m': None}","{'low_memory_mode': False, 'pad_for_shift': 4, 'diffraction_pattern_blur_sigma': None}",{'enabled_features': []},"{'default_dtype': 'FLOAT32', 'use_double_precision_for_fft': False}",False
run-00029,rpie,p002,jlse-gh200-single-accelerator,2,256,"[128, 128]",float32,"[1, 384, 384]","[1, 1, 128, 128]",5,8,8,RANDOM,"{'object': {'optimizable': True, 'start': 0, 'stop': None, 'stride': 1}, 'probe': {'optimizable': True, 'start': 0, 'stop': None, 'stride': 1}, 'probe_positions': {'optimizable': False, 'start': 0, 'stop': None, 'stride': 1}, 'opr_mode_weights': {'optimizable': False, 'start': 0, 'stop': None, 'stride': 1}, 'slice_spacings': {'optimizable': False, 'start': 0, 'stop': None, 'stride': 1}}","{'free_space_propagation_distance_m': 'infinity', 'wavelength_m': 1e-09, 'slice_spacings_m': None}","{'low_memory_mode': False, 'pad_for_shift': 4, 'diffraction_pattern_blur_sigma': None}",{'enabled_features': []},"{'default_dtype': 'FLOAT32', 'use_double_precision_for_fft': False}",False
run-00030,rpie,p002,jlse-gh200-single-accelerator,3,256,"[128, 128]",float32,"[1, 384, 384]","[1, 1, 128, 128]",5,8,8,RANDOM,"{'object': {'optimizable': True, 'start': 0, 'stop': None, 'stride': 1}, 'probe': {'optimizable': True, 'start': 0, 'stop': None, 'stride': 1}, 'probe_positions': {'optimizable': False, 'start': 0, 'stop': None, 'stride': 1}, 'opr_mode_weights': {'optimizable': False, 'start': 0, 'stop': None, 'stride': 1}, 'slice_spacings': {'optimizable': False, 'start': 0, 'stop': None, 'stride': 1}}","{'free_space_propagation_distance_m': 'infinity', 'wavelength_m': 1e-09, 'slice_spacings_m': None}","{'low_memory_mode': False, 'pad_for_shift': 4, 'diffraction_pattern_blur_sigma': None}",{'enabled_features': []},"{'default_dtype': 'FLOAT32', 'use_double_precision_for_fft': False}",False
run-00031,rpie,p003,jlse-gh200-single-accelerator,1,1024,"[256, 256]",float32,"[1, 768, 768]","[1, 1, 256, 256]",10,32,32,RANDOM,"{'object': {'optimizable': True, 'start': 0, 'stop': None, 'stride': 1}, 'probe': {'optimizable': True, 'start': 0, 'stop': None, 'stride': 1}, 'probe_positions': {'optimizable': False, 'start': 0, 'stop': None, 'stride': 1}, 'opr_mode_weights': {'optimizable': False, 'start': 0, 'stop': None, 'stride': 1}, 'slice_spacings': {'optimizable': False, 'start': 0, 'stop': None, 'stride': 1}}","{'free_space_propagation_distance_m': 'infinity', 'wavelength_m': 1e-09, 'slice_spacings_m': None}","{'low_memory_mode': False, 'pad_for_shift': 4, 'diffraction_pattern_blur_sigma': None}",{'enabled_features': []},"{'default_dtype': 'FLOAT32', 'use_double_precision_for_fft': False}",False
run-00032,rpie,p003,jlse-gh200-single-accelerator,2,1024,"[256, 256]",float32,"[1, 768, 768]","[1, 1, 256, 256]",10,32,32,RANDOM,"{'object': {'optimizable': True, 'start': 0, 'stop': None, 'stride': 1}, 'probe': {'optimizable': True, 'start': 0, 'stop': None, 'stride': 1}, 'probe_positions': {'optimizable': False, 'start': 0, 'stop': None, 'stride': 1}, 'opr_mode_weights': {'optimizable': False, 'start': 0, 'stop': None, 'stride': 1}, 'slice_spacings': {'optimizable': False, 'start': 0, 'stop': None, 'stride': 1}}","{'free_space_propagation_distance_m': 'infinity', 'wavelength_m': 1e-09, 'slice_spacings_m': None}","{'low_memory_mode': False, 'pad_for_shift': 4, 'diffraction_pattern_blur_sigma': None}",{'enabled_features': []},"{'default_dtype': 'FLOAT32', 'use_double_precision_for_fft': False}",False
run-00033,rpie,p003,jlse-gh200-single-accelerator,3,1024,"[256, 256]",float32,"[1, 768, 768]","[1, 1, 256, 256]",10,32,32,RANDOM,"{'object': {'optimizable': True, 'start': 0, 'stop': None, 'stride': 1}, 'probe': {'optimizable': True, 'start': 0, 'stop': None, 'stride': 1}, 'probe_positions': {'optimizable': False, 'start': 0, 'stop': None, 'stride': 1}, 'opr_mode_weights': {'optimizable': False, 'start': 0, 'stop': None, 'stride': 1}, 'slice_spacings': {'optimizable': False, 'start': 0, 'stop': None, 'stride': 1}}","{'free_space_propagation_distance_m': 'infinity', 'wavelength_m': 1e-09, 'slice_spacings_m': None}","{'low_memory_mode': False, 'pad_for_shift': 4, 'diffraction_pattern_blur_sigma': None}",{'enabled_features': []},"{'default_dtype': 'FLOAT32', 'use_double_precision_for_fft': False}",False
run-00034,rpie,p004,jlse-gh200-single-accelerator,1,1024,"[256, 256]",float32,"[1, 768, 768]","[1, 1, 256, 256]",10,32,8,RANDOM,"{'object': {'optimizable': True, 'start': 0, 'stop': None, 'stride': 1}, 'probe': {'optimizable': True, 'start': 0, 'stop': None, 'stride': 1}, 'probe_positions': {'optimizable': False, 'start': 0, 'stop': None, 'stride': 1}, 'opr_mode_weights': {'optimizable': False, 'start': 0, 'stop': None, 'stride': 1}, 'slice_spacings': {'optimizable': False, 'start': 0, 'stop': None, 'stride': 1}}","{'free_space_propagation_distance_m': 'infinity', 'wavelength_m': 1e-09, 'slice_spacings_m': None}","{'low_memory_mode': False, 'pad_for_shift': 4, 'diffraction_pattern_blur_sigma': None}",{'enabled_features': []},"{'default_dtype': 'FLOAT32', 'use_double_precision_for_fft': False}",True
run-00035,rpie,p004,jlse-gh200-single-accelerator,2,1024,"[256, 256]",float32,"[1, 768, 768]","[1, 1, 256, 256]",10,32,8,RANDOM,"{'object': {'optimizable': True, 'start': 0, 'stop': None, 'stride': 1}, 'probe': {'optimizable': True, 'start': 0, 'stop': None, 'stride': 1}, 'probe_positions': {'optimizable': False, 'start': 0, 'stop': None, 'stride': 1}, 'opr_mode_weights': {'optimizable': False, 'start': 0, 'stop': None, 'stride': 1}, 'slice_spacings': {'optimizable': False, 'start': 0, 'stop': None, 'stride': 1}}","{'free_space_propagation_distance_m': 'infinity', 'wavelength_m': 1e-09, 'slice_spacings_m': None}","{'low_memory_mode': False, 'pad_for_shift': 4, 'diffraction_pattern_blur_sigma': None}",{'enabled_features': []},"{'default_dtype': 'FLOAT32', 'use_double_precision_for_fft': False}",True
run-00036,rpie,p004,jlse-gh200-single-accelerator,3,1024,"[256, 256]",float32,"[1, 768, 768]","[1, 1, 256, 256]",10,32,8,RANDOM,"{'object': {'optimizable': True, 'start': 0, 'stop': None, 'stride': 1}, 'probe': {'optimizable': True, 'start': 0, 'stop': None, 'stride': 1}, 'probe_positions': {'optimizable': False, 'start': 0, 'stop': None, 'stride': 1}, 'opr_mode_weights': {'optimizable': False, 'start': 0, 'stop': None, 'stride': 1}, 'slice_spacings': {'optimizable': False, 'start': 0, 'stop': None, 'stride': 1}}","{'free_space_propagation_distance_m': 'infinity', 'wavelength_m': 1e-09, 'slice_spacings_m': None}","{'low_memory_mode': False, 'pad_for_shift': 4, 'diffraction_pattern_blur_sigma': None}",{'enabled_features': []},"{'default_dtype': 'FLOAT32', 'use_double_precision_for_fft': False}",True
run-00037,mpie_runner_configuration,p001,jlse-gh200-single-accelerator,1,64,"[64, 64]",float32,"[1, 128, 128]","[1, 1, 64, 64]",2,1,1,RANDOM,"{'object': {'optimizable': True, 'start': 0, 'stop': None, 'stride': 1}, 'probe': {'optimizable': True, 'start': 0, 'stop': None, 'stride': 1}, 'probe_positions': {'optimizable': False, 'start': 0, 'stop': None, 'stride': 1}, 'opr_mode_weights': {'optimizable': False, 'start': 0, 'stop': None, 'stride': 1}, 'slice_spacings': {'optimizable': False, 'start': 0, 'stop': None, 'stride': 1}}","{'free_space_propagation_distance_m': 'infinity', 'wavelength_m': 1e-09, 'slice_spacings_m': None}","{'low_memory_mode': False, 'pad_for_shift': 4, 'diffraction_pattern_blur_sigma': None}",{'enabled_features': []},"{'default_dtype': 'FLOAT32', 'use_double_precision_for_fft': False}",False
run-00038,mpie_runner_configuration,p001,jlse-gh200-single-accelerator,2,64,"[64, 64]",float32,"[1, 128, 128]","[1, 1, 64, 64]",2,1,1,RANDOM,"{'object': {'optimizable': True, 'start': 0, 'stop': None, 'stride': 1}, 'probe': {'optimizable': True, 'start': 0, 'stop': None, 'stride': 1}, 'probe_positions': {'optimizable': False, 'start': 0, 'stop': None, 'stride': 1}, 'opr_mode_weights': {'optimizable': False, 'start': 0, 'stop': None, 'stride': 1}, 'slice_spacings': {'optimizable': False, 'start': 0, 'stop': None, 'stride': 1}}","{'free_space_propagation_distance_m': 'infinity', 'wavelength_m': 1e-09, 'slice_spacings_m': None}","{'low_memory_mode': False, 'pad_for_shift': 4, 'diffraction_pattern_blur_sigma': None}",{'enabled_features': []},"{'default_dtype': 'FLOAT32', 'use_double_precision_for_fft': False}",False
run-00039,mpie_runner_configuration,p001,jlse-gh200-single-accelerator,3,64,"[64, 64]",float32,"[1, 128, 128]","[1, 1, 64, 64]",2,1,1,RANDOM,"{'object': {'optimizable': True, 'start': 0, 'stop': None, 'stride': 1}, 'probe': {'optimizable': True, 'start': 0, 'stop': None, 'stride': 1}, 'probe_positions': {'optimizable': False, 'start': 0, 'stop': None, 'stride': 1}, 'opr_mode_weights': {'optimizable': False, 'start': 0, 'stop': None, 'stride': 1}, 'slice_spacings': {'optimizable': False, 'start': 0, 'stop': None, 'stride': 1}}","{'free_space_propagation_distance_m': 'infinity', 'wavelength_m': 1e-09, 'slice_spacings_m': None}","{'low_memory_mode': False, 'pad_for_shift': 4, 'diffraction_pattern_blur_sigma': None}",{'enabled_features': []},"{'default_dtype': 'FLOAT32', 'use_double_precision_for_fft': False}",False
run-00040,mpie_runner_configuration,p002,jlse-gh200-single-accelerator,1,256,"[128, 128]",float32,"[1, 384, 384]","[1, 1, 128, 128]",5,8,8,RANDOM,"{'object': {'optimizable': True, 'start': 0, 'stop': None, 'stride': 1}, 'probe': {'optimizable': True, 'start': 0, 'stop': None, 'stride': 1}, 'probe_positions': {'optimizable': False, 'start': 0, 'stop': None, 'stride': 1}, 'opr_mode_weights': {'optimizable': False, 'start': 0, 'stop': None, 'stride': 1}, 'slice_spacings': {'optimizable': False, 'start': 0, 'stop': None, 'stride': 1}}","{'free_space_propagation_distance_m': 'infinity', 'wavelength_m': 1e-09, 'slice_spacings_m': None}","{'low_memory_mode': False, 'pad_for_shift': 4, 'diffraction_pattern_blur_sigma': None}",{'enabled_features': []},"{'default_dtype': 'FLOAT32', 'use_double_precision_for_fft': False}",False
run-00041,mpie_runner_configuration,p002,jlse-gh200-single-accelerator,2,256,"[128, 128]",float32,"[1, 384, 384]","[1, 1, 128, 128]",5,8,8,RANDOM,"{'object': {'optimizable': True, 'start': 0, 'stop': None, 'stride': 1}, 'probe': {'optimizable': True, 'start': 0, 'stop': None, 'stride': 1}, 'probe_positions': {'optimizable': False, 'start': 0, 'stop': None, 'stride': 1}, 'opr_mode_weights': {'optimizable': False, 'start': 0, 'stop': None, 'stride': 1}, 'slice_spacings': {'optimizable': False, 'start': 0, 'stop': None, 'stride': 1}}","{'free_space_propagation_distance_m': 'infinity', 'wavelength_m': 1e-09, 'slice_spacings_m': None}","{'low_memory_mode': False, 'pad_for_shift': 4, 'diffraction_pattern_blur_sigma': None}",{'enabled_features': []},"{'default_dtype': 'FLOAT32', 'use_double_precision_for_fft': False}",False
run-00042,mpie_runner_configuration,p002,jlse-gh200-single-accelerator,3,256,"[128, 128]",float32,"[1, 384, 384]","[1, 1, 128, 128]",5,8,8,RANDOM,"{'object': {'optimizable': True, 'start': 0, 'stop': None, 'stride': 1}, 'probe': {'optimizable': True, 'start': 0, 'stop': None, 'stride': 1}, 'probe_positions': {'optimizable': False, 'start': 0, 'stop': None, 'stride': 1}, 'opr_mode_weights': {'optimizable': False, 'start': 0, 'stop': None, 'stride': 1}, 'slice_spacings': {'optimizable': False, 'start': 0, 'stop': None, 'stride': 1}}","{'free_space_propagation_distance_m': 'infinity', 'wavelength_m': 1e-09, 'slice_spacings_m': None}","{'low_memory_mode': False, 'pad_for_shift': 4, 'diffraction_pattern_blur_sigma': None}",{'enabled_features': []},"{'default_dtype': 'FLOAT32', 'use_double_precision_for_fft': False}",False
run-00043,mpie_runner_configuration,p003,jlse-gh200-single-accelerator,1,1024,"[256, 256]",float32,"[1, 768, 768]","[1, 1, 256, 256]",10,32,32,RANDOM,"{'object': {'optimizable': True, 'start': 0, 'stop': None, 'stride': 1}, 'probe': {'optimizable': True, 'start': 0, 'stop': None, 'stride': 1}, 'probe_positions': {'optimizable': False, 'start': 0, 'stop': None, 'stride': 1}, 'opr_mode_weights': {'optimizable': False, 'start': 0, 'stop': None, 'stride': 1}, 'slice_spacings': {'optimizable': False, 'start': 0, 'stop': None, 'stride': 1}}","{'free_space_propagation_distance_m': 'infinity', 'wavelength_m': 1e-09, 'slice_spacings_m': None}","{'low_memory_mode': False, 'pad_for_shift': 4, 'diffraction_pattern_blur_sigma': None}",{'enabled_features': []},"{'default_dtype': 'FLOAT32', 'use_double_precision_for_fft': False}",False
run-00044,mpie_runner_configuration,p003,jlse-gh200-single-accelerator,2,1024,"[256, 256]",float32,"[1, 768, 768]","[1, 1, 256, 256]",10,32,32,RANDOM,"{'object': {'optimizable': True, 'start': 0, 'stop': None, 'stride': 1}, 'probe': {'optimizable': True, 'start': 0, 'stop': None, 'stride': 1}, 'probe_positions': {'optimizable': False, 'start': 0, 'stop': None, 'stride': 1}, 'opr_mode_weights': {'optimizable': False, 'start': 0, 'stop': None, 'stride': 1}, 'slice_spacings': {'optimizable': False, 'start': 0, 'stop': None, 'stride': 1}}","{'free_space_propagation_distance_m': 'infinity', 'wavelength_m': 1e-09, 'slice_spacings_m': None}","{'low_memory_mode': False, 'pad_for_shift': 4, 'diffraction_pattern_blur_sigma': None}",{'enabled_features': []},"{'default_dtype': 'FLOAT32', 'use_double_precision_for_fft': False}",False
run-00045,mpie_runner_configuration,p003,jlse-gh200-single-accelerator,3,1024,"[256, 256]",float32,"[1, 768, 768]","[1, 1, 256, 256]",10,32,32,RANDOM,"{'object': {'optimizable': True, 'start': 0, 'stop': None, 'stride': 1}, 'probe': {'optimizable': True, 'start': 0, 'stop': None, 'stride': 1}, 'probe_positions': {'optimizable': False, 'start': 0, 'stop': None, 'stride': 1}, 'opr_mode_weights': {'optimizable': False, 'start': 0, 'stop': None, 'stride': 1}, 'slice_spacings': {'optimizable': False, 'start': 0, 'stop': None, 'stride': 1}}","{'free_space_propagation_distance_m': 'infinity', 'wavelength_m': 1e-09, 'slice_spacings_m': None}","{'low_memory_mode': False, 'pad_for_shift': 4, 'diffraction_pattern_blur_sigma': None}",{'enabled_features': []},"{'default_dtype': 'FLOAT32', 'use_double_precision_for_fft': False}",False
run-00046,mpie_runner_configuration,p004,jlse-gh200-single-accelerator,1,1024,"[256, 256]",float32,"[1, 768, 768]","[1, 1, 256, 256]",10,32,8,RANDOM,"{'object': {'optimizable': True, 'start': 0, 'stop': None, 'stride': 1}, 'probe': {'optimizable': True, 'start': 0, 'stop': None, 'stride': 1}, 'probe_positions': {'optimizable': False, 'start': 0, 'stop': None, 'stride': 1}, 'opr_mode_weights': {'optimizable': False, 'start': 0, 'stop': None, 'stride': 1}, 'slice_spacings': {'optimizable': False, 'start': 0, 'stop': None, 'stride': 1}}","{'free_space_propagation_distance_m': 'infinity', 'wavelength_m': 1e-09, 'slice_spacings_m': None}","{'low_memory_mode': False, 'pad_for_shift': 4, 'diffraction_pattern_blur_sigma': None}",{'enabled_features': []},"{'default_dtype': 'FLOAT32', 'use_double_precision_for_fft': False}",True
run-00047,mpie_runner_configuration,p004,jlse-gh200-single-accelerator,2,1024,"[256, 256]",float32,"[1, 768, 768]","[1, 1, 256, 256]",10,32,8,RANDOM,"{'object': {'optimizable': True, 'start': 0, 'stop': None, 'stride': 1}, 'probe': {'optimizable': True, 'start': 0, 'stop': None, 'stride': 1}, 'probe_positions': {'optimizable': False, 'start': 0, 'stop': None, 'stride': 1}, 'opr_mode_weights': {'optimizable': False, 'start': 0, 'stop': None, 'stride': 1}, 'slice_spacings': {'optimizable': False, 'start': 0, 'stop': None, 'stride': 1}}","{'free_space_propagation_distance_m': 'infinity', 'wavelength_m': 1e-09, 'slice_spacings_m': None}","{'low_memory_mode': False, 'pad_for_shift': 4, 'diffraction_pattern_blur_sigma': None}",{'enabled_features': []},"{'default_dtype': 'FLOAT32', 'use_double_precision_for_fft': False}",True
run-00048,mpie_runner_configuration,p004,jlse-gh200-single-accelerator,3,1024,"[256, 256]",float32,"[1, 768, 768]","[1, 1, 256, 256]",10,32,8,RANDOM,"{'object': {'optimizable': True, 'start': 0, 'stop': None, 'stride': 1}, 'probe': {'optimizable': True, 'start': 0, 'stop': None, 'stride': 1}, 'probe_positions': {'optimizable': False, 'start': 0, 'stop': None, 'stride': 1}, 'opr_mode_weights': {'optimizable': False, 'start': 0, 'stop': None, 'stride': 1}, 'slice_spacings': {'optimizable': False, 'start': 0, 'stop': None, 'stride': 1}}","{'free_space_propagation_distance_m': 'infinity', 'wavelength_m': 1e-09, 'slice_spacings_m': None}","{'low_memory_mode': False, 'pad_for_shift': 4, 'diffraction_pattern_blur_sigma': None}",{'enabled_features': []},"{'default_dtype': 'FLOAT32', 'use_double_precision_for_fft': False}",True
run-00049,dm,p001,jlse-gh200-single-accelerator,1,64,"[64, 64]",float32,"[1, 128, 128]","[1, 1, 64, 64]",2,1,1,RANDOM,"{'object': {'optimizable': True, 'start': 0, 'stop': None, 'stride': 1}, 'probe': {'optimizable': True, 'start': 0, 'stop': None, 'stride': 1}, 'probe_positions': {'optimizable': False, 'start': 0, 'stop': None, 'stride': 1}, 'opr_mode_weights': {'optimizable': False, 'start': 0, 'stop': None, 'stride': 1}, 'slice_spacings': {'optimizable': False, 'start': 0, 'stop': None, 'stride': 1}}","{'free_space_propagation_distance_m': 'infinity', 'wavelength_m': 1e-09, 'slice_spacings_m': None}","{'low_memory_mode': False, 'pad_for_shift': 4, 'diffraction_pattern_blur_sigma': None}",{'enabled_features': []},"{'default_dtype': 'FLOAT32', 'use_double_precision_for_fft': False}",False
run-00050,dm,p001,jlse-gh200-single-accelerator,2,64,"[64, 64]",float32,"[1, 128, 128]","[1, 1, 64, 64]",2,1,1,RANDOM,"{'object': {'optimizable': True, 'start': 0, 'stop': None, 'stride': 1}, 'probe': {'optimizable': True, 'start': 0, 'stop': None, 'stride': 1}, 'probe_positions': {'optimizable': False, 'start': 0, 'stop': None, 'stride': 1}, 'opr_mode_weights': {'optimizable': False, 'start': 0, 'stop': None, 'stride': 1}, 'slice_spacings': {'optimizable': False, 'start': 0, 'stop': None, 'stride': 1}}","{'free_space_propagation_distance_m': 'infinity', 'wavelength_m': 1e-09, 'slice_spacings_m': None}","{'low_memory_mode': False, 'pad_for_shift': 4, 'diffraction_pattern_blur_sigma': None}",{'enabled_features': []},"{'default_dtype': 'FLOAT32', 'use_double_precision_for_fft': False}",False
run-00051,dm,p001,jlse-gh200-single-accelerator,3,64,"[64, 64]",float32,"[1, 128, 128]","[1, 1, 64, 64]",2,1,1,RANDOM,"{'object': {'optimizable': True, 'start': 0, 'stop': None, 'stride': 1}, 'probe': {'optimizable': True, 'start': 0, 'stop': None, 'stride': 1}, 'probe_positions': {'optimizable': False, 'start': 0, 'stop': None, 'stride': 1}, 'opr_mode_weights': {'optimizable': False, 'start': 0, 'stop': None, 'stride': 1}, 'slice_spacings': {'optimizable': False, 'start': 0, 'stop': None, 'stride': 1}}","{'free_space_propagation_distance_m': 'infinity', 'wavelength_m': 1e-09, 'slice_spacings_m': None}","{'low_memory_mode': False, 'pad_for_shift': 4, 'diffraction_pattern_blur_sigma': None}",{'enabled_features': []},"{'default_dtype': 'FLOAT32', 'use_double_precision_for_fft': False}",False
run-00052,dm,p002,jlse-gh200-single-accelerator,1,256,"[128, 128]",float32,"[1, 384, 384]","[1, 1, 128, 128]",5,8,8,RANDOM,"{'object': {'optimizable': True, 'start': 0, 'stop': None, 'stride': 1}, 'probe': {'optimizable': True, 'start': 0, 'stop': None, 'stride': 1}, 'probe_positions': {'optimizable': False, 'start': 0, 'stop': None, 'stride': 1}, 'opr_mode_weights': {'optimizable': False, 'start': 0, 'stop': None, 'stride': 1}, 'slice_spacings': {'optimizable': False, 'start': 0, 'stop': None, 'stride': 1}}","{'free_space_propagation_distance_m': 'infinity', 'wavelength_m': 1e-09, 'slice_spacings_m': None}","{'low_memory_mode': False, 'pad_for_shift': 4, 'diffraction_pattern_blur_sigma': None}",{'enabled_features': []},"{'default_dtype': 'FLOAT32', 'use_double_precision_for_fft': False}",False
run-00053,dm,p002,jlse-gh200-single-accelerator,2,256,"[128, 128]",float32,"[1, 384, 384]","[1, 1, 128, 128]",5,8,8,RANDOM,"{'object': {'optimizable': True, 'start': 0, 'stop': None, 'stride': 1}, 'probe': {'optimizable': True, 'start': 0, 'stop': None, 'stride': 1}, 'probe_positions': {'optimizable': False, 'start': 0, 'stop': None, 'stride': 1}, 'opr_mode_weights': {'optimizable': False, 'start': 0, 'stop': None, 'stride': 1}, 'slice_spacings': {'optimizable': False, 'start': 0, 'stop': None, 'stride': 1}}","{'free_space_propagation_distance_m': 'infinity', 'wavelength_m': 1e-09, 'slice_spacings_m': None}","{'low_memory_mode': False, 'pad_for_shift': 4, 'diffraction_pattern_blur_sigma': None}",{'enabled_features': []},"{'default_dtype': 'FLOAT32', 'use_double_precision_for_fft': False}",False
run-00054,dm,p002,jlse-gh200-single-accelerator,3,256,"[128, 128]",float32,"[1, 384, 384]","[1, 1, 128, 128]",5,8,8,RANDOM,"{'object': {'optimizable': True, 'start': 0, 'stop': None, 'stride': 1}, 'probe': {'optimizable': True, 'start': 0, 'stop': None, 'stride': 1}, 'probe_positions': {'optimizable': False, 'start': 0, 'stop': None, 'stride': 1}, 'opr_mode_weights': {'optimizable': False, 'start': 0, 'stop': None, 'stride': 1}, 'slice_spacings': {'optimizable': False, 'start': 0, 'stop': None, 'stride': 1}}","{'free_space_propagation_distance_m': 'infinity', 'wavelength_m': 1e-09, 'slice_spacings_m': None}","{'low_memory_mode': False, 'pad_for_shift': 4, 'diffraction_pattern_blur_sigma': None}",{'enabled_features': []},"{'default_dtype': 'FLOAT32', 'use_double_precision_for_fft': False}",False
run-00055,dm,p003,jlse-gh200-single-accelerator,1,1024,"[256, 256]",float32,"[1, 768, 768]","[1, 1, 256, 256]",10,32,32,RANDOM,"{'object': {'optimizable': True, 'start': 0, 'stop': None, 'stride': 1}, 'probe': {'optimizable': True, 'start': 0, 'stop': None, 'stride': 1}, 'probe_positions': {'optimizable': False, 'start': 0, 'stop': None, 'stride': 1}, 'opr_mode_weights': {'optimizable': False, 'start': 0, 'stop': None, 'stride': 1}, 'slice_spacings': {'optimizable': False, 'start': 0, 'stop': None, 'stride': 1}}","{'free_space_propagation_distance_m': 'infinity', 'wavelength_m': 1e-09, 'slice_spacings_m': None}","{'low_memory_mode': False, 'pad_for_shift': 4, 'diffraction_pattern_blur_sigma': None}",{'enabled_features': []},"{'default_dtype': 'FLOAT32', 'use_double_precision_for_fft': False}",False
run-00056,dm,p003,jlse-gh200-single-accelerator,2,1024,"[256, 256]",float32,"[1, 768, 768]","[1, 1, 256, 256]",10,32,32,RANDOM,"{'object': {'optimizable': True, 'start': 0, 'stop': None, 'stride': 1}, 'probe': {'optimizable': True, 'start': 0, 'stop': None, 'stride': 1}, 'probe_positions': {'optimizable': False, 'start': 0, 'stop': None, 'stride': 1}, 'opr_mode_weights': {'optimizable': False, 'start': 0, 'stop': None, 'stride': 1}, 'slice_spacings': {'optimizable': False, 'start': 0, 'stop': None, 'stride': 1}}","{'free_space_propagation_distance_m': 'infinity', 'wavelength_m': 1e-09, 'slice_spacings_m': None}","{'low_memory_mode': False, 'pad_for_shift': 4, 'diffraction_pattern_blur_sigma': None}",{'enabled_features': []},"{'default_dtype': 'FLOAT32', 'use_double_precision_for_fft': False}",False
run-00057,dm,p003,jlse-gh200-single-accelerator,3,1024,"[256, 256]",float32,"[1, 768, 768]","[1, 1, 256, 256]",10,32,32,RANDOM,"{'object': {'optimizable': True, 'start': 0, 'stop': None, 'stride': 1}, 'probe': {'optimizable': True, 'start': 0, 'stop': None, 'stride': 1}, 'probe_positions': {'optimizable': False, 'start': 0, 'stop': None, 'stride': 1}, 'opr_mode_weights': {'optimizable': False, 'start': 0, 'stop': None, 'stride': 1}, 'slice_spacings': {'optimizable': False, 'start': 0, 'stop': None, 'stride': 1}}","{'free_space_propagation_distance_m': 'infinity', 'wavelength_m': 1e-09, 'slice_spacings_m': None}","{'low_memory_mode': False, 'pad_for_shift': 4, 'diffraction_pattern_blur_sigma': None}",{'enabled_features': []},"{'default_dtype': 'FLOAT32', 'use_double_precision_for_fft': False}",False
run-00058,dm,p004,jlse-gh200-single-accelerator,1,1024,"[256, 256]",float32,"[1, 768, 768]","[1, 1, 256, 256]",10,32,8,RANDOM,"{'object': {'optimizable': True, 'start': 0, 'stop': None, 'stride': 1}, 'probe': {'optimizable': True, 'start': 0, 'stop': None, 'stride': 1}, 'probe_positions': {'optimizable': False, 'start': 0, 'stop': None, 'stride': 1}, 'opr_mode_weights': {'optimizable': False, 'start': 0, 'stop': None, 'stride': 1}, 'slice_spacings': {'optimizable': False, 'start': 0, 'stop': None, 'stride': 1}}","{'free_space_propagation_distance_m': 'infinity', 'wavelength_m': 1e-09, 'slice_spacings_m': None}","{'low_memory_mode': False, 'pad_for_shift': 4, 'diffraction_pattern_blur_sigma': None}",{'enabled_features': []},"{'default_dtype': 'FLOAT32', 'use_double_precision_for_fft': False}",True
run-00059,dm,p004,jlse-gh200-single-accelerator,2,1024,"[256, 256]",float32,"[1, 768, 768]","[1, 1, 256, 256]",10,32,8,RANDOM,"{'object': {'optimizable': True, 'start': 0, 'stop': None, 'stride': 1}, 'probe': {'optimizable': True, 'start': 0, 'stop': None, 'stride': 1}, 'probe_positions': {'optimizable': False, 'start': 0, 'stop': None, 'stride': 1}, 'opr_mode_weights': {'optimizable': False, 'start': 0, 'stop': None, 'stride': 1}, 'slice_spacings': {'optimizable': False, 'start': 0, 'stop': None, 'stride': 1}}","{'free_space_propagation_distance_m': 'infinity', 'wavelength_m': 1e-09, 'slice_spacings_m': None}","{'low_memory_mode': False, 'pad_for_shift': 4, 'diffraction_pattern_blur_sigma': None}",{'enabled_features': []},"{'default_dtype': 'FLOAT32', 'use_double_precision_for_fft': False}",True
run-00060,dm,p004,jlse-gh200-single-accelerator,3,1024,"[256, 256]",float32,"[1, 768, 768]","[1, 1, 256, 256]",10,32,8,RANDOM,"{'object': {'optimizable': True, 'start': 0, 'stop': None, 'stride': 1}, 'probe': {'optimizable': True, 'start': 0, 'stop': None, 'stride': 1}, 'probe_positions': {'optimizable': False, 'start': 0, 'stop': None, 'stride': 1}, 'opr_mode_weights': {'optimizable': False, 'start': 0, 'stop': None, 'stride': 1}, 'slice_spacings': {'optimizable': False, 'start': 0, 'stop': None, 'stride': 1}}","{'free_space_propagation_distance_m': 'infinity', 'wavelength_m': 1e-09, 'slice_spacings_m': None}","{'low_memory_mode': False, 'pad_for_shift': 4, 'diffraction_pattern_blur_sigma': None}",{'enabled_features': []},"{'default_dtype': 'FLOAT32', 'use_double_precision_for_fft': False}",True
run-00061,lsqml,p001,jlse-gh200-single-accelerator,1,64,"[64, 64]",float32,"[1, 128, 128]","[1, 1, 64, 64]",2,1,1,RANDOM,"{'object': {'optimizable': True, 'start': 0, 'stop': None, 'stride': 1}, 'probe': {'optimizable': True, 'start': 0, 'stop': None, 'stride': 1}, 'probe_positions': {'optimizable': False, 'start': 0, 'stop': None, 'stride': 1}, 'opr_mode_weights': {'optimizable': False, 'start': 0, 'stop': None, 'stride': 1}, 'slice_spacings': {'optimizable': False, 'start': 0, 'stop': None, 'stride': 1}}","{'free_space_propagation_distance_m': 'infinity', 'wavelength_m': 1e-09, 'slice_spacings_m': None}","{'low_memory_mode': False, 'pad_for_shift': 4, 'diffraction_pattern_blur_sigma': None}",{'enabled_features': []},"{'default_dtype': 'FLOAT32', 'use_double_precision_for_fft': False}",False
run-00062,lsqml,p001,jlse-gh200-single-accelerator,2,64,"[64, 64]",float32,"[1, 128, 128]","[1, 1, 64, 64]",2,1,1,RANDOM,"{'object': {'optimizable': True, 'start': 0, 'stop': None, 'stride': 1}, 'probe': {'optimizable': True, 'start': 0, 'stop': None, 'stride': 1}, 'probe_positions': {'optimizable': False, 'start': 0, 'stop': None, 'stride': 1}, 'opr_mode_weights': {'optimizable': False, 'start': 0, 'stop': None, 'stride': 1}, 'slice_spacings': {'optimizable': False, 'start': 0, 'stop': None, 'stride': 1}}","{'free_space_propagation_distance_m': 'infinity', 'wavelength_m': 1e-09, 'slice_spacings_m': None}","{'low_memory_mode': False, 'pad_for_shift': 4, 'diffraction_pattern_blur_sigma': None}",{'enabled_features': []},"{'default_dtype': 'FLOAT32', 'use_double_precision_for_fft': False}",False
run-00063,lsqml,p001,jlse-gh200-single-accelerator,3,64,"[64, 64]",float32,"[1, 128, 128]","[1, 1, 64, 64]",2,1,1,RANDOM,"{'object': {'optimizable': True, 'start': 0, 'stop': None, 'stride': 1}, 'probe': {'optimizable': True, 'start': 0, 'stop': None, 'stride': 1}, 'probe_positions': {'optimizable': False, 'start': 0, 'stop': None, 'stride': 1}, 'opr_mode_weights': {'optimizable': False, 'start': 0, 'stop': None, 'stride': 1}, 'slice_spacings': {'optimizable': False, 'start': 0, 'stop': None, 'stride': 1}}","{'free_space_propagation_distance_m': 'infinity', 'wavelength_m': 1e-09, 'slice_spacings_m': None}","{'low_memory_mode': False, 'pad_for_shift': 4, 'diffraction_pattern_blur_sigma': None}",{'enabled_features': []},"{'default_dtype': 'FLOAT32', 'use_double_precision_for_fft': False}",False
run-00064,lsqml,p002,jlse-gh200-single-accelerator,1,256,"[128, 128]",float32,"[1, 384, 384]","[1, 1, 128, 128]",5,8,8,RANDOM,"{'object': {'optimizable': True, 'start': 0, 'stop': None, 'stride': 1}, 'probe': {'optimizable': True, 'start': 0, 'stop': None, 'stride': 1}, 'probe_positions': {'optimizable': False, 'start': 0, 'stop': None, 'stride': 1}, 'opr_mode_weights': {'optimizable': False, 'start': 0, 'stop': None, 'stride': 1}, 'slice_spacings': {'optimizable': False, 'start': 0, 'stop': None, 'stride': 1}}","{'free_space_propagation_distance_m': 'infinity', 'wavelength_m': 1e-09, 'slice_spacings_m': None}","{'low_memory_mode': False, 'pad_for_shift': 4, 'diffraction_pattern_blur_sigma': None}",{'enabled_features': []},"{'default_dtype': 'FLOAT32', 'use_double_precision_for_fft': False}",False
run-00065,lsqml,p002,jlse-gh200-single-accelerator,2,256,"[128, 128]",float32,"[1, 384, 384]","[1, 1, 128, 128]",5,8,8,RANDOM,"{'object': {'optimizable': True, 'start': 0, 'stop': None, 'stride': 1}, 'probe': {'optimizable': True, 'start': 0, 'stop': None, 'stride': 1}, 'probe_positions': {'optimizable': False, 'start': 0, 'stop': None, 'stride': 1}, 'opr_mode_weights': {'optimizable': False, 'start': 0, 'stop': None, 'stride': 1}, 'slice_spacings': {'optimizable': False, 'start': 0, 'stop': None, 'stride': 1}}","{'free_space_propagation_distance_m': 'infinity', 'wavelength_m': 1e-09, 'slice_spacings_m': None}","{'low_memory_mode': False, 'pad_for_shift': 4, 'diffraction_pattern_blur_sigma': None}",{'enabled_features': []},"{'default_dtype': 'FLOAT32', 'use_double_precision_for_fft': False}",False
run-00066,lsqml,p002,jlse-gh200-single-accelerator,3,256,"[128, 128]",float32,"[1, 384, 384]","[1, 1, 128, 128]",5,8,8,RANDOM,"{'object': {'optimizable': True, 'start': 0, 'stop': None, 'stride': 1}, 'probe': {'optimizable': True, 'start': 0, 'stop': None, 'stride': 1}, 'probe_positions': {'optimizable': False, 'start': 0, 'stop': None, 'stride': 1}, 'opr_mode_weights': {'optimizable': False, 'start': 0, 'stop': None, 'stride': 1}, 'slice_spacings': {'optimizable': False, 'start': 0, 'stop': None, 'stride': 1}}","{'free_space_propagation_distance_m': 'infinity', 'wavelength_m': 1e-09, 'slice_spacings_m': None}","{'low_memory_mode': False, 'pad_for_shift': 4, 'diffraction_pattern_blur_sigma': None}",{'enabled_features': []},"{'default_dtype': 'FLOAT32', 'use_double_precision_for_fft': False}",False
run-00067,lsqml,p003,jlse-gh200-single-accelerator,1,1024,"[256, 256]",float32,"[1, 768, 768]","[1, 1, 256, 256]",10,32,32,RANDOM,"{'object': {'optimizable': True, 'start': 0, 'stop': None, 'stride': 1}, 'probe': {'optimizable': True, 'start': 0, 'stop': None, 'stride': 1}, 'probe_positions': {'optimizable': False, 'start': 0, 'stop': None, 'stride': 1}, 'opr_mode_weights': {'optimizable': False, 'start': 0, 'stop': None, 'stride': 1}, 'slice_spacings': {'optimizable': False, 'start': 0, 'stop': None, 'stride': 1}}","{'free_space_propagation_distance_m': 'infinity', 'wavelength_m': 1e-09, 'slice_spacings_m': None}","{'low_memory_mode': False, 'pad_for_shift': 4, 'diffraction_pattern_blur_sigma': None}",{'enabled_features': []},"{'default_dtype': 'FLOAT32', 'use_double_precision_for_fft': False}",False
run-00068,lsqml,p003,jlse-gh200-single-accelerator,2,1024,"[256, 256]",float32,"[1, 768, 768]","[1, 1, 256, 256]",10,32,32,RANDOM,"{'object': {'optimizable': True, 'start': 0, 'stop': None, 'stride': 1}, 'probe': {'optimizable': True, 'start': 0, 'stop': None, 'stride': 1}, 'probe_positions': {'optimizable': False, 'start': 0, 'stop': None, 'stride': 1}, 'opr_mode_weights': {'optimizable': False, 'start': 0, 'stop': None, 'stride': 1}, 'slice_spacings': {'optimizable': False, 'start': 0, 'stop': None, 'stride': 1}}","{'free_space_propagation_distance_m': 'infinity', 'wavelength_m': 1e-09, 'slice_spacings_m': None}","{'low_memory_mode': False, 'pad_for_shift': 4, 'diffraction_pattern_blur_sigma': None}",{'enabled_features': []},"{'default_dtype': 'FLOAT32', 'use_double_precision_for_fft': False}",False
run-00069,lsqml,p003,jlse-gh200-single-accelerator,3,1024,"[256, 256]",float32,"[1, 768, 768]","[1, 1, 256, 256]",10,32,32,RANDOM,"{'object': {'optimizable': True, 'start': 0, 'stop': None, 'stride': 1}, 'probe': {'optimizable': True, 'start': 0, 'stop': None, 'stride': 1}, 'probe_positions': {'optimizable': False, 'start': 0, 'stop': None, 'stride': 1}, 'opr_mode_weights': {'optimizable': False, 'start': 0, 'stop': None, 'stride': 1}, 'slice_spacings': {'optimizable': False, 'start': 0, 'stop': None, 'stride': 1}}","{'free_space_propagation_distance_m': 'infinity', 'wavelength_m': 1e-09, 'slice_spacings_m': None}","{'low_memory_mode': False, 'pad_for_shift': 4, 'diffraction_pattern_blur_sigma': None}",{'enabled_features': []},"{'default_dtype': 'FLOAT32', 'use_double_precision_for_fft': False}",False
run-00070,lsqml,p004,jlse-gh200-single-accelerator,1,1024,"[256, 256]",float32,"[1, 768, 768]","[1, 1, 256, 256]",10,32,8,RANDOM,"{'object': {'optimizable': True, 'start': 0, 'stop': None, 'stride': 1}, 'probe': {'optimizable': True, 'start': 0, 'stop': None, 'stride': 1}, 'probe_positions': {'optimizable': False, 'start': 0, 'stop': None, 'stride': 1}, 'opr_mode_weights': {'optimizable': False, 'start': 0, 'stop': None, 'stride': 1}, 'slice_spacings': {'optimizable': False, 'start': 0, 'stop': None, 'stride': 1}}","{'free_space_propagation_distance_m': 'infinity', 'wavelength_m': 1e-09, 'slice_spacings_m': None}","{'low_memory_mode': False, 'pad_for_shift': 4, 'diffraction_pattern_blur_sigma': None}",{'enabled_features': []},"{'default_dtype': 'FLOAT32', 'use_double_precision_for_fft': False}",True
run-00071,lsqml,p004,jlse-gh200-single-accelerator,2,1024,"[256, 256]",float32,"[1, 768, 768]","[1, 1, 256, 256]",10,32,8,RANDOM,"{'object': {'optimizable': True, 'start': 0, 'stop': None, 'stride': 1}, 'probe': {'optimizable': True, 'start': 0, 'stop': None, 'stride': 1}, 'probe_positions': {'optimizable': False, 'start': 0, 'stop': None, 'stride': 1}, 'opr_mode_weights': {'optimizable': False, 'start': 0, 'stop': None, 'stride': 1}, 'slice_spacings': {'optimizable': False, 'start': 0, 'stop': None, 'stride': 1}}","{'free_space_propagation_distance_m': 'infinity', 'wavelength_m': 1e-09, 'slice_spacings_m': None}","{'low_memory_mode': False, 'pad_for_shift': 4, 'diffraction_pattern_blur_sigma': None}",{'enabled_features': []},"{'default_dtype': 'FLOAT32', 'use_double_precision_for_fft': False}",True
run-00072,lsqml,p004,jlse-gh200-single-accelerator,3,1024,"[256, 256]",float32,"[1, 768, 768]","[1, 1, 256, 256]",10,32,8,RANDOM,"{'object': {'optimizable': True, 'start': 0, 'stop': None, 'stride': 1}, 'probe': {'optimizable': True, 'start': 0, 'stop': None, 'stride': 1}, 'probe_positions': {'optimizable': False, 'start': 0, 'stop': None, 'stride': 1}, 'opr_mode_weights': {'optimizable': False, 'start': 0, 'stop': None, 'stride': 1}, 'slice_spacings': {'optimizable': False, 'start': 0, 'stop': None, 'stride': 1}}","{'free_space_propagation_distance_m': 'infinity', 'wavelength_m': 1e-09, 'slice_spacings_m': None}","{'low_memory_mode': False, 'pad_for_shift': 4, 'diffraction_pattern_blur_sigma': None}",{'enabled_features': []},"{'default_dtype': 'FLOAT32', 'use_double_precision_for_fft': False}",True
run-00073,bh,p001,jlse-gh200-single-accelerator,1,64,"[64, 64]",float32,"[1, 128, 128]","[1, 1, 64, 64]",2,1,1,RANDOM,"{'object': {'optimizable': True, 'start': 0, 'stop': None, 'stride': 1}, 'probe': {'optimizable': True, 'start': 0, 'stop': None, 'stride': 1}, 'probe_positions': {'optimizable': False, 'start': 0, 'stop': None, 'stride': 1}, 'opr_mode_weights': {'optimizable': False, 'start': 0, 'stop': None, 'stride': 1}, 'slice_spacings': {'optimizable': False, 'start': 0, 'stop': None, 'stride': 1}}","{'free_space_propagation_distance_m': 'infinity', 'wavelength_m': 1e-09, 'slice_spacings_m': None}","{'low_memory_mode': False, 'pad_for_shift': 4, 'diffraction_pattern_blur_sigma': None}",{'enabled_features': []},"{'default_dtype': 'FLOAT32', 'use_double_precision_for_fft': False}",False
run-00074,bh,p001,jlse-gh200-single-accelerator,2,64,"[64, 64]",float32,"[1, 128, 128]","[1, 1, 64, 64]",2,1,1,RANDOM,"{'object': {'optimizable': True, 'start': 0, 'stop': None, 'stride': 1}, 'probe': {'optimizable': True, 'start': 0, 'stop': None, 'stride': 1}, 'probe_positions': {'optimizable': False, 'start': 0, 'stop': None, 'stride': 1}, 'opr_mode_weights': {'optimizable': False, 'start': 0, 'stop': None, 'stride': 1}, 'slice_spacings': {'optimizable': False, 'start': 0, 'stop': None, 'stride': 1}}","{'free_space_propagation_distance_m': 'infinity', 'wavelength_m': 1e-09, 'slice_spacings_m': None}","{'low_memory_mode': False, 'pad_for_shift': 4, 'diffraction_pattern_blur_sigma': None}",{'enabled_features': []},"{'default_dtype': 'FLOAT32', 'use_double_precision_for_fft': False}",False
run-00075,bh,p001,jlse-gh200-single-accelerator,3,64,"[64, 64]",float32,"[1, 128, 128]","[1, 1, 64, 64]",2,1,1,RANDOM,"{'object': {'optimizable': True, 'start': 0, 'stop': None, 'stride': 1}, 'probe': {'optimizable': True, 'start': 0, 'stop': None, 'stride': 1}, 'probe_positions': {'optimizable': False, 'start': 0, 'stop': None, 'stride': 1}, 'opr_mode_weights': {'optimizable': False, 'start': 0, 'stop': None, 'stride': 1}, 'slice_spacings': {'optimizable': False, 'start': 0, 'stop': None, 'stride': 1}}","{'free_space_propagation_distance_m': 'infinity', 'wavelength_m': 1e-09, 'slice_spacings_m': None}","{'low_memory_mode': False, 'pad_for_shift': 4, 'diffraction_pattern_blur_sigma': None}",{'enabled_features': []},"{'default_dtype': 'FLOAT32', 'use_double_precision_for_fft': False}",False
run-00076,bh,p002,jlse-gh200-single-accelerator,1,256,"[128, 128]",float32,"[1, 384, 384]","[1, 1, 128, 128]",5,8,8,RANDOM,"{'object': {'optimizable': True, 'start': 0, 'stop': None, 'stride': 1}, 'probe': {'optimizable': True, 'start': 0, 'stop': None, 'stride': 1}, 'probe_positions': {'optimizable': False, 'start': 0, 'stop': None, 'stride': 1}, 'opr_mode_weights': {'optimizable': False, 'start': 0, 'stop': None, 'stride': 1}, 'slice_spacings': {'optimizable': False, 'start': 0, 'stop': None, 'stride': 1}}","{'free_space_propagation_distance_m': 'infinity', 'wavelength_m': 1e-09, 'slice_spacings_m': None}","{'low_memory_mode': False, 'pad_for_shift': 4, 'diffraction_pattern_blur_sigma': None}",{'enabled_features': []},"{'default_dtype': 'FLOAT32', 'use_double_precision_for_fft': False}",False
run-00077,bh,p002,jlse-gh200-single-accelerator,2,256,"[128, 128]",float32,"[1, 384, 384]","[1, 1, 128, 128]",5,8,8,RANDOM,"{'object': {'optimizable': True, 'start': 0, 'stop': None, 'stride': 1}, 'probe': {'optimizable': True, 'start': 0, 'stop': None, 'stride': 1}, 'probe_positions': {'optimizable': False, 'start': 0, 'stop': None, 'stride': 1}, 'opr_mode_weights': {'optimizable': False, 'start': 0, 'stop': None, 'stride': 1}, 'slice_spacings': {'optimizable': False, 'start': 0, 'stop': None, 'stride': 1}}","{'free_space_propagation_distance_m': 'infinity', 'wavelength_m': 1e-09, 'slice_spacings_m': None}","{'low_memory_mode': False, 'pad_for_shift': 4, 'diffraction_pattern_blur_sigma': None}",{'enabled_features': []},"{'default_dtype': 'FLOAT32', 'use_double_precision_for_fft': False}",False
run-00078,bh,p002,jlse-gh200-single-accelerator,3,256,"[128, 128]",float32,"[1, 384, 384]","[1, 1, 128, 128]",5,8,8,RANDOM,"{'object': {'optimizable': True, 'start': 0, 'stop': None, 'stride': 1}, 'probe': {'optimizable': True, 'start': 0, 'stop': None, 'stride': 1}, 'probe_positions': {'optimizable': False, 'start': 0, 'stop': None, 'stride': 1}, 'opr_mode_weights': {'optimizable': False, 'start': 0, 'stop': None, 'stride': 1}, 'slice_spacings': {'optimizable': False, 'start': 0, 'stop': None, 'stride': 1}}","{'free_space_propagation_distance_m': 'infinity', 'wavelength_m': 1e-09, 'slice_spacings_m': None}","{'low_memory_mode': False, 'pad_for_shift': 4, 'diffraction_pattern_blur_sigma': None}",{'enabled_features': []},"{'default_dtype': 'FLOAT32', 'use_double_precision_for_fft': False}",False
run-00079,bh,p003,jlse-gh200-single-accelerator,1,1024,"[256, 256]",float32,"[1, 768, 768]","[1, 1, 256, 256]",10,32,32,RANDOM,"{'object': {'optimizable': True, 'start': 0, 'stop': None, 'stride': 1}, 'probe': {'optimizable': True, 'start': 0, 'stop': None, 'stride': 1}, 'probe_positions': {'optimizable': False, 'start': 0, 'stop': None, 'stride': 1}, 'opr_mode_weights': {'optimizable': False, 'start': 0, 'stop': None, 'stride': 1}, 'slice_spacings': {'optimizable': False, 'start': 0, 'stop': None, 'stride': 1}}","{'free_space_propagation_distance_m': 'infinity', 'wavelength_m': 1e-09, 'slice_spacings_m': None}","{'low_memory_mode': False, 'pad_for_shift': 4, 'diffraction_pattern_blur_sigma': None}",{'enabled_features': []},"{'default_dtype': 'FLOAT32', 'use_double_precision_for_fft': False}",False
run-00080,bh,p003,jlse-gh200-single-accelerator,2,1024,"[256, 256]",float32,"[1, 768, 768]","[1, 1, 256, 256]",10,32,32,RANDOM,"{'object': {'optimizable': True, 'start': 0, 'stop': None, 'stride': 1}, 'probe': {'optimizable': True, 'start': 0, 'stop': None, 'stride': 1}, 'probe_positions': {'optimizable': False, 'start': 0, 'stop': None, 'stride': 1}, 'opr_mode_weights': {'optimizable': False, 'start': 0, 'stop': None, 'stride': 1}, 'slice_spacings': {'optimizable': False, 'start': 0, 'stop': None, 'stride': 1}}","{'free_space_propagation_distance_m': 'infinity', 'wavelength_m': 1e-09, 'slice_spacings_m': None}","{'low_memory_mode': False, 'pad_for_shift': 4, 'diffraction_pattern_blur_sigma': None}",{'enabled_features': []},"{'default_dtype': 'FLOAT32', 'use_double_precision_for_fft': False}",False
run-00081,bh,p003,jlse-gh200-single-accelerator,3,1024,"[256, 256]",float32,"[1, 768, 768]","[1, 1, 256, 256]",10,32,32,RANDOM,"{'object': {'optimizable': True, 'start': 0, 'stop': None, 'stride': 1}, 'probe': {'optimizable': True, 'start': 0, 'stop': None, 'stride': 1}, 'probe_positions': {'optimizable': False, 'start': 0, 'stop': None, 'stride': 1}, 'opr_mode_weights': {'optimizable': False, 'start': 0, 'stop': None, 'stride': 1}, 'slice_spacings': {'optimizable': False, 'start': 0, 'stop': None, 'stride': 1}}","{'free_space_propagation_distance_m': 'infinity', 'wavelength_m': 1e-09, 'slice_spacings_m': None}","{'low_memory_mode': False, 'pad_for_shift': 4, 'diffraction_pattern_blur_sigma': None}",{'enabled_features': []},"{'default_dtype': 'FLOAT32', 'use_double_precision_for_fft': False}",False
run-00082,bh,p004,jlse-gh200-single-accelerator,1,1024,"[256, 256]",float32,"[1, 768, 768]","[1, 1, 256, 256]",10,32,8,RANDOM,"{'object': {'optimizable': True, 'start': 0, 'stop': None, 'stride': 1}, 'probe': {'optimizable': True, 'start': 0, 'stop': None, 'stride': 1}, 'probe_positions': {'optimizable': False, 'start': 0, 'stop': None, 'stride': 1}, 'opr_mode_weights': {'optimizable': False, 'start': 0, 'stop': None, 'stride': 1}, 'slice_spacings': {'optimizable': False, 'start': 0, 'stop': None, 'stride': 1}}","{'free_space_propagation_distance_m': 'infinity', 'wavelength_m': 1e-09, 'slice_spacings_m': None}","{'low_memory_mode': False, 'pad_for_shift': 4, 'diffraction_pattern_blur_sigma': None}",{'enabled_features': []},"{'default_dtype': 'FLOAT32', 'use_double_precision_for_fft': False}",True
run-00083,bh,p004,jlse-gh200-single-accelerator,2,1024,"[256, 256]",float32,"[1, 768, 768]","[1, 1, 256, 256]",10,32,8,RANDOM,"{'object': {'optimizable': True, 'start': 0, 'stop': None, 'stride': 1}, 'probe': {'optimizable': True, 'start': 0, 'stop': None, 'stride': 1}, 'probe_positions': {'optimizable': False, 'start': 0, 'stop': None, 'stride': 1}, 'opr_mode_weights': {'optimizable': False, 'start': 0, 'stop': None, 'stride': 1}, 'slice_spacings': {'optimizable': False, 'start': 0, 'stop': None, 'stride': 1}}","{'free_space_propagation_distance_m': 'infinity', 'wavelength_m': 1e-09, 'slice_spacings_m': None}","{'low_memory_mode': False, 'pad_for_shift': 4, 'diffraction_pattern_blur_sigma': None}",{'enabled_features': []},"{'default_dtype': 'FLOAT32', 'use_double_precision_for_fft': False}",True
run-00084,bh,p004,jlse-gh200-single-accelerator,3,1024,"[256, 256]",float32,"[1, 768, 768]","[1, 1, 256, 256]",10,32,8,RANDOM,"{'object': {'optimizable': True, 'start': 0, 'stop': None, 'stride': 1}, 'probe': {'optimizable': True, 'start': 0, 'stop': None, 'stride': 1}, 'probe_positions': {'optimizable': False, 'start': 0, 'stop': None, 'stride': 1}, 'opr_mode_weights': {'optimizable': False, 'start': 0, 'stop': None, 'stride': 1}, 'slice_spacings': {'optimizable': False, 'start': 0, 'stop': None, 'stride': 1}}","{'free_space_propagation_distance_m': 'infinity', 'wavelength_m': 1e-09, 'slice_spacings_m': None}","{'low_memory_mode': False, 'pad_for_shift': 4, 'diffraction_pattern_blur_sigma': None}",{'enabled_features': []},"{'default_dtype': 'FLOAT32', 'use_double_precision_for_fft': False}",True
run-00085,ad_ptycho,p001,jlse-gh200-single-accelerator,1,64,"[64, 64]",float32,"[1, 128, 128]","[1, 1, 64, 64]",2,1,1,RANDOM,"{'object': {'optimizable': True, 'start': 0, 'stop': None, 'stride': 1}, 'probe': {'optimizable': True, 'start': 0, 'stop': None, 'stride': 1}, 'probe_positions': {'optimizable': False, 'start': 0, 'stop': None, 'stride': 1}, 'opr_mode_weights': {'optimizable': False, 'start': 0, 'stop': None, 'stride': 1}, 'slice_spacings': {'optimizable': False, 'start': 0, 'stop': None, 'stride': 1}}","{'free_space_propagation_distance_m': 'infinity', 'wavelength_m': 1e-09, 'slice_spacings_m': None}","{'low_memory_mode': False, 'pad_for_shift': 4, 'diffraction_pattern_blur_sigma': None}",{'enabled_features': []},"{'default_dtype': 'FLOAT32', 'use_double_precision_for_fft': False}",False
run-00086,ad_ptycho,p001,jlse-gh200-single-accelerator,2,64,"[64, 64]",float32,"[1, 128, 128]","[1, 1, 64, 64]",2,1,1,RANDOM,"{'object': {'optimizable': True, 'start': 0, 'stop': None, 'stride': 1}, 'probe': {'optimizable': True, 'start': 0, 'stop': None, 'stride': 1}, 'probe_positions': {'optimizable': False, 'start': 0, 'stop': None, 'stride': 1}, 'opr_mode_weights': {'optimizable': False, 'start': 0, 'stop': None, 'stride': 1}, 'slice_spacings': {'optimizable': False, 'start': 0, 'stop': None, 'stride': 1}}","{'free_space_propagation_distance_m': 'infinity', 'wavelength_m': 1e-09, 'slice_spacings_m': None}","{'low_memory_mode': False, 'pad_for_shift': 4, 'diffraction_pattern_blur_sigma': None}",{'enabled_features': []},"{'default_dtype': 'FLOAT32', 'use_double_precision_for_fft': False}",False
run-00087,ad_ptycho,p001,jlse-gh200-single-accelerator,3,64,"[64, 64]",float32,"[1, 128, 128]","[1, 1, 64, 64]",2,1,1,RANDOM,"{'object': {'optimizable': True, 'start': 0, 'stop': None, 'stride': 1}, 'probe': {'optimizable': True, 'start': 0, 'stop': None, 'stride': 1}, 'probe_positions': {'optimizable': False, 'start': 0, 'stop': None, 'stride': 1}, 'opr_mode_weights': {'optimizable': False, 'start': 0, 'stop': None, 'stride': 1}, 'slice_spacings': {'optimizable': False, 'start': 0, 'stop': None, 'stride': 1}}","{'free_space_propagation_distance_m': 'infinity', 'wavelength_m': 1e-09, 'slice_spacings_m': None}","{'low_memory_mode': False, 'pad_for_shift': 4, 'diffraction_pattern_blur_sigma': None}",{'enabled_features': []},"{'default_dtype': 'FLOAT32', 'use_double_precision_for_fft': False}",False
run-00088,ad_ptycho,p002,jlse-gh200-single-accelerator,1,256,"[128, 128]",float32,"[1, 384, 384]","[1, 1, 128, 128]",5,8,8,RANDOM,"{'object': {'optimizable': True, 'start': 0, 'stop': None, 'stride': 1}, 'probe': {'optimizable': True, 'start': 0, 'stop': None, 'stride': 1}, 'probe_positions': {'optimizable': False, 'start': 0, 'stop': None, 'stride': 1}, 'opr_mode_weights': {'optimizable': False, 'start': 0, 'stop': None, 'stride': 1}, 'slice_spacings': {'optimizable': False, 'start': 0, 'stop': None, 'stride': 1}}","{'free_space_propagation_distance_m': 'infinity', 'wavelength_m': 1e-09, 'slice_spacings_m': None}","{'low_memory_mode': False, 'pad_for_shift': 4, 'diffraction_pattern_blur_sigma': None}",{'enabled_features': []},"{'default_dtype': 'FLOAT32', 'use_double_precision_for_fft': False}",False
run-00089,ad_ptycho,p002,jlse-gh200-single-accelerator,2,256,"[128, 128]",float32,"[1, 384, 384]","[1, 1, 128, 128]",5,8,8,RANDOM,"{'object': {'optimizable': True, 'start': 0, 'stop': None, 'stride': 1}, 'probe': {'optimizable': True, 'start': 0, 'stop': None, 'stride': 1}, 'probe_positions': {'optimizable': False, 'start': 0, 'stop': None, 'stride': 1}, 'opr_mode_weights': {'optimizable': False, 'start': 0, 'stop': None, 'stride': 1}, 'slice_spacings': {'optimizable': False, 'start': 0, 'stop': None, 'stride': 1}}","{'free_space_propagation_distance_m': 'infinity', 'wavelength_m': 1e-09, 'slice_spacings_m': None}","{'low_memory_mode': False, 'pad_for_shift': 4, 'diffraction_pattern_blur_sigma': None}",{'enabled_features': []},"{'default_dtype': 'FLOAT32', 'use_double_precision_for_fft': False}",False
run-00090,ad_ptycho,p002,jlse-gh200-single-accelerator,3,256,"[128, 128]",float32,"[1, 384, 384]","[1, 1, 128, 128]",5,8,8,RANDOM,"{'object': {'optimizable': True, 'start': 0, 'stop': None, 'stride': 1}, 'probe': {'optimizable': True, 'start': 0, 'stop': None, 'stride': 1}, 'probe_positions': {'optimizable': False, 'start': 0, 'stop': None, 'stride': 1}, 'opr_mode_weights': {'optimizable': False, 'start': 0, 'stop': None, 'stride': 1}, 'slice_spacings': {'optimizable': False, 'start': 0, 'stop': None, 'stride': 1}}","{'free_space_propagation_distance_m': 'infinity', 'wavelength_m': 1e-09, 'slice_spacings_m': None}","{'low_memory_mode': False, 'pad_for_shift': 4, 'diffraction_pattern_blur_sigma': None}",{'enabled_features': []},"{'default_dtype': 'FLOAT32', 'use_double_precision_for_fft': False}",False
run-00091,ad_ptycho,p003,jlse-gh200-single-accelerator,1,1024,"[256, 256]",float32,"[1, 768, 768]","[1, 1, 256, 256]",10,32,32,RANDOM,"{'object': {'optimizable': True, 'start': 0, 'stop': None, 'stride': 1}, 'probe': {'optimizable': True, 'start': 0, 'stop': None, 'stride': 1}, 'probe_positions': {'optimizable': False, 'start': 0, 'stop': None, 'stride': 1}, 'opr_mode_weights': {'optimizable': False, 'start': 0, 'stop': None, 'stride': 1}, 'slice_spacings': {'optimizable': False, 'start': 0, 'stop': None, 'stride': 1}}","{'free_space_propagation_distance_m': 'infinity', 'wavelength_m': 1e-09, 'slice_spacings_m': None}","{'low_memory_mode': False, 'pad_for_shift': 4, 'diffraction_pattern_blur_sigma': None}",{'enabled_features': []},"{'default_dtype': 'FLOAT32', 'use_double_precision_for_fft': False}",False
run-00092,ad_ptycho,p003,jlse-gh200-single-accelerator,2,1024,"[256, 256]",float32,"[1, 768, 768]","[1, 1, 256, 256]",10,32,32,RANDOM,"{'object': {'optimizable': True, 'start': 0, 'stop': None, 'stride': 1}, 'probe': {'optimizable': True, 'start': 0, 'stop': None, 'stride': 1}, 'probe_positions': {'optimizable': False, 'start': 0, 'stop': None, 'stride': 1}, 'opr_mode_weights': {'optimizable': False, 'start': 0, 'stop': None, 'stride': 1}, 'slice_spacings': {'optimizable': False, 'start': 0, 'stop': None, 'stride': 1}}","{'free_space_propagation_distance_m': 'infinity', 'wavelength_m': 1e-09, 'slice_spacings_m': None}","{'low_memory_mode': False, 'pad_for_shift': 4, 'diffraction_pattern_blur_sigma': None}",{'enabled_features': []},"{'default_dtype': 'FLOAT32', 'use_double_precision_for_fft': False}",False
run-00093,ad_ptycho,p003,jlse-gh200-single-accelerator,3,1024,"[256, 256]",float32,"[1, 768, 768]","[1, 1, 256, 256]",10,32,32,RANDOM,"{'object': {'optimizable': True, 'start': 0, 'stop': None, 'stride': 1}, 'probe': {'optimizable': True, 'start': 0, 'stop': None, 'stride': 1}, 'probe_positions': {'optimizable': False, 'start': 0, 'stop': None, 'stride': 1}, 'opr_mode_weights': {'optimizable': False, 'start': 0, 'stop': None, 'stride': 1}, 'slice_spacings': {'optimizable': False, 'start': 0, 'stop': None, 'stride': 1}}","{'free_space_propagation_distance_m': 'infinity', 'wavelength_m': 1e-09, 'slice_spacings_m': None}","{'low_memory_mode': False, 'pad_for_shift': 4, 'diffraction_pattern_blur_sigma': None}",{'enabled_features': []},"{'default_dtype': 'FLOAT32', 'use_double_precision_for_fft': False}",False
run-00094,ad_ptycho,p004,jlse-gh200-single-accelerator,1,1024,"[256, 256]",float32,"[1, 768, 768]","[1, 1, 256, 256]",10,32,8,RANDOM,"{'object': {'optimizable': True, 'start': 0, 'stop': None, 'stride': 1}, 'probe': {'optimizable': True, 'start': 0, 'stop': None, 'stride': 1}, 'probe_positions': {'optimizable': False, 'start': 0, 'stop': None, 'stride': 1}, 'opr_mode_weights': {'optimizable': False, 'start': 0, 'stop': None, 'stride': 1}, 'slice_spacings': {'optimizable': False, 'start': 0, 'stop': None, 'stride': 1}}","{'free_space_propagation_distance_m': 'infinity', 'wavelength_m': 1e-09, 'slice_spacings_m': None}","{'low_memory_mode': False, 'pad_for_shift': 4, 'diffraction_pattern_blur_sigma': None}",{'enabled_features': []},"{'default_dtype': 'FLOAT32', 'use_double_precision_for_fft': False}",True
run-00095,ad_ptycho,p004,jlse-gh200-single-accelerator,2,1024,"[256, 256]",float32,"[1, 768, 768]","[1, 1, 256, 256]",10,32,8,RANDOM,"{'object': {'optimizable': True, 'start': 0, 'stop': None, 'stride': 1}, 'probe': {'optimizable': True, 'start': 0, 'stop': None, 'stride': 1}, 'probe_positions': {'optimizable': False, 'start': 0, 'stop': None, 'stride': 1}, 'opr_mode_weights': {'optimizable': False, 'start': 0, 'stop': None, 'stride': 1}, 'slice_spacings': {'optimizable': False, 'start': 0, 'stop': None, 'stride': 1}}","{'free_space_propagation_distance_m': 'infinity', 'wavelength_m': 1e-09, 'slice_spacings_m': None}","{'low_memory_mode': False, 'pad_for_shift': 4, 'diffraction_pattern_blur_sigma': None}",{'enabled_features': []},"{'default_dtype': 'FLOAT32', 'use_double_precision_for_fft': False}",True
run-00096,ad_ptycho,p004,jlse-gh200-single-accelerator,3,1024,"[256, 256]",float32,"[1, 768, 768]","[1, 1, 256, 256]",10,32,8,RANDOM,"{'object': {'optimizable': True, 'start': 0, 'stop': None, 'stride': 1}, 'probe': {'optimizable': True, 'start': 0, 'stop': None, 'stride': 1}, 'probe_positions': {'optimizable': False, 'start': 0, 'stop': None, 'stride': 1}, 'opr_mode_weights': {'optimizable': False, 'start': 0, 'stop': None, 'stride': 1}, 'slice_spacings': {'optimizable': False, 'start': 0, 'stop': None, 'stride': 1}}","{'free_space_propagation_distance_m': 'infinity', 'wavelength_m': 1e-09, 'slice_spacings_m': None}","{'low_memory_mode': False, 'pad_for_shift': 4, 'diffraction_pattern_blur_sigma': None}",{'enabled_features': []},"{'default_dtype': 'FLOAT32', 'use_double_precision_for_fft': False}",True
